{
  "descricao": "Produtos açucarados",
  "empresaId": 1,
  "alimentos": [
    {
      "Alimento": 491,
      "descricaoAlimento": "Achocolatado, pó",
      "UmidadePorCento": 1.1033333333333335,
      "Energiakcal": 401.02,
      "Energiakj": 1677.86768,
      "Proteina_g": 4.203333333333333,
      "Lipideos_g": 2.1666666666666665,
      "Colesterol_mg": 0,
      "Carboidrato_g": 91.17666666666666,
      "FibraAlimentar_g": 3.89,
      "Cinzas_g": 1.35,
      "Calcio_mg": 44.40333333333333,
      "Magnesio_mg": 76.74333333333334,
      "Manganes_mg": 0.5506666666666666,
      "Fosforo_mg": 199.96666666666667,
      "Ferro_mg": 5.36,
      "Sodio_mg": 64.78666666666668,
      "Potassio_mg": 496.45,
      "Cobre_mg": 0.56,
      "Zinco_mg": 1.04,
      "Retinol_mcg": 795.85,
      "Tiamina_mg": 1.38,
      "Riboflavina_mg": 1.02,
      "Piridoxina_mg": 1.5233333333333334,
      "Niacina_mg": 4.986666666666667,
      "VitaminaC_mg": 0
    },
    {
      "Alimento": 492,
      "descricaoAlimento": "Açúcar, cristal",
      "UmidadePorCento": 0.05,
      "Energiakcal": 386.84572399999996,
      "Energiakj": 1619.208,
      "Proteina_g": 0.32,
      "Lipideos_g": 0,
      "Colesterol_mg": 0,
      "Carboidrato_g": 99.61,
      "FibraAlimentar_g": 0,
      "Cinzas_g": 0,
      "Calcio_mg": 7.586666666666667,
      "Magnesio_mg": 1.0066666666666668,
      "Manganes_mg": 0,
      "Fosforo_mg": 0,
      "Ferro_mg": 0.16333333333333333,
      "Sodio_mg": 0,
      "Potassio_mg": 2.56,
      "Cobre_mg": 0,
      "Zinco_mg": 0,
      "Retinol_mcg": 0
    },
    {
      "Alimento": 493,
      "descricaoAlimento": "Açúcar, mascavo",
      "UmidadePorCento": 3.3240000000000003,
      "Energiakcal": 368.55482252438867,
      "Energiakj": 1542.0333774420424,
      "Proteina_g": 0.7583333333333333,
      "Lipideos_g": 0.09200000000000001,
      "Colesterol_mg": 0,
      "Carboidrato_g": 94.45,
      "FibraAlimentar_g": 0,
      "Cinzas_g": 1.3756666666666666,
      "Calcio_mg": 126.529,
      "Magnesio_mg": 79.94666666666667,
      "Manganes_mg": 2.026,
      "Fosforo_mg": 38.16,
      "Ferro_mg": 8.303666666666667,
      "Sodio_mg": 25.203999999999997,
      "Potassio_mg": 521.6266666666667,
      "Cobre_mg": 0.17133333333333334,
      "Zinco_mg": 0.47766666666666663,
      "Retinol_mcg": 0,
      "Tiamina_mg": 0,
      "Riboflavina_mg": 0.03,
      "Piridoxina_mg": 0,
      "Niacina_mg": 0,
      "VitaminaC_mg": 0
    },
    {
      "Alimento": 494,
      "descricaoAlimento": "Açúcar, refinado",
      "UmidadePorCento": 0.12,
      "Energiakcal": 386.5748239999999,
      "Energiakj": 1617.4290636159997,
      "Proteina_g": 0.32,
      "Lipideos_g": 0,
      "Colesterol_mg": 0,
      "Carboidrato_g": 99.54,
      "FibraAlimentar_g": 0,
      "Cinzas_g": 0,
      "Calcio_mg": 3.5,
      "Magnesio_mg": 0.5466666666666667,
      "Manganes_mg": 0,
      "Fosforo_mg": 0,
      "Ferro_mg": 0.10666666666666667,
      "Sodio_mg": 12.16,
      "Potassio_mg": 6.353333333333334,
      "Cobre_mg": 0,
      "Zinco_mg": 0,
      "Retinol_mcg": 0
    },
    {
      "Alimento": 495,
      "descricaoAlimento": "Chocolate, ao leite",
      "UmidadePorCento": 1.2566666666666666,
      "Energiakcal": 539.5866666666667,
      "Energiakj": 2257.6306133333337,
      "Proteina_g": 7.22,
      "Lipideos_g": 30.26666666666667,
      "Colesterol_mg": 16.5175,
      "Carboidrato_g": 59.576666666666675,
      "FibraAlimentar_g": 2.17,
      "Cinzas_g": 1.6800000000000002,
      "Calcio_mg": 191.19,
      "Magnesio_mg": 57.1,
      "Manganes_mg": 0.30266666666666664,
      "Fosforo_mg": 212.11333333333334,
      "Ferro_mg": 1.5766666666666669,
      "Sodio_mg": 77.1,
      "Potassio_mg": 354.5133333333333,
      "Cobre_mg": 0.3133333333333333,
      "Zinco_mg": 1.0633333333333332,
      "Retinol_mcg": 0,
      "RE_mcg": 0,
      "RAE _mcg": 0,
      "Tiamina_mg": 0.05,
      "Riboflavina_mg": 0.21666666666666667,
      "Piridoxina_mg": 0.59,
      "Niacina_mg": 0.63,
      "VitaminaC_mg": 0
    },
    {
      "Alimento": 496,
      "descricaoAlimento": "Chocolate, ao leite, com castanha do Pará",
      "UmidadePorCento": 1.2143333333333333,
      "Energiakcal": 558.8763333333334,
      "Energiakj": 2338.3385786666668,
      "Proteina_g": 7.4125,
      "Lipideos_g": 34.191,
      "Colesterol_mg": 15.501333333333333,
      "Carboidrato_g": 55.37683333333334,
      "FibraAlimentar_g": 2.458,
      "Cinzas_g": 1.8053333333333335,
      "Calcio_mg": 171.23266666666666,
      "Magnesio_mg": 79.566,
      "Manganes_mg": 0.36366666666666664,
      "Fosforo_mg": 302.522,
      "Ferro_mg": 1.471,
      "Sodio_mg": 64.05,
      "Potassio_mg": 430.9156666666666,
      "Cobre_mg": 0.452,
      "Zinco_mg": 1.304,
      "Retinol_mcg": 36.15333333333333,
      "Tiamina_mg": 0.04,
      "Riboflavina_mg": 0.24333333333333332,
      "Piridoxina_mg": 0,
      "Niacina_mg": 1.366666666666667,
      "VitaminaC_mg": 1.42
    },
    {
      "Alimento": 497,
      "descricaoAlimento": "Chocolate, ao leite, dietético",
      "UmidadePorCento": 1.732,
      "Energiakcal": 556.8243333333334,
      "Energiakj": 2329.753010666667,
      "Proteina_g": 6.897916666666666,
      "Lipideos_g": 33.771,
      "Colesterol_mg": 12.960333333333333,
      "Carboidrato_g": 56.32341666666667,
      "FibraAlimentar_g": 2.8466666666666662,
      "Cinzas_g": 1.2756666666666667,
      "Calcio_mg": 187.88566666666665,
      "Magnesio_mg": 67.20633333333332,
      "Manganes_mg": 0.4066666666666667,
      "Fosforo_mg": 276.471,
      "Ferro_mg": 3.310666666666666,
      "Sodio_mg": 84.70833333333333,
      "Potassio_mg": 458.40166666666664,
      "Cobre_mg": 0.42533333333333334,
      "Zinco_mg": 1.1156666666666668,
      "Retinol_mcg": 7.036666666666666,
      "Tiamina_mg": 0.30666666666666664,
      "Riboflavina_mg": 0.25,
      "Piridoxina_mg": 0,
      "Niacina_mg": 0.79,
      "VitaminaC_mg": 2.046666666666667
    },
    {
      "Alimento": 498,
      "descricaoAlimento": "Chocolate, meio amargo",
      "UmidadePorCento": 1.0216666666666667,
      "Energiakcal": 474.91776997327383,
      "Energiakj": 1987.0559495681778,
      "Proteina_g": 4.862443432172139,
      "Lipideos_g": 29.856666666666666,
      "Colesterol_mg": 2.2203333333333335,
      "Carboidrato_g": 62.42288990116119,
      "FibraAlimentar_g": 4.943666666666666,
      "Cinzas_g": 1.8363333333333334,
      "Calcio_mg": 44.66533333333333,
      "Magnesio_mg": 107.36366666666667,
      "Manganes_mg": 0.8323333333333333,
      "Fosforo_mg": 219.97933333333336,
      "Ferro_mg": 3.610666666666667,
      "Sodio_mg": 8.866999999999999,
      "Potassio_mg": 431.6956666666667,
      "Cobre_mg": 0.7656666666666667,
      "Zinco_mg": 1.5213333333333334,
      "Retinol_mcg": 0,
      "Tiamina_mg": 0.2,
      "Riboflavina_mg": 0.036666666666666674,
      "Piridoxina_mg": 0,
      "Niacina_mg": 1.0633333333333335,
      "VitaminaC_mg": 2.096666666666667
    },
    {
      "Alimento": 499,
      "descricaoAlimento": "Cocada branca",
      "UmidadePorCento": 3.423666666666667,
      "Energiakcal": 448.84545242331023,
      "Energiakj": 1877.9693729391302,
      "Proteina_g": 1.1218333737055461,
      "Lipideos_g": 13.586999999999998,
      "Colesterol_mg": 0,
      "Carboidrato_g": 81.38316662629445,
      "FibraAlimentar_g": 3.5690000000000004,
      "Cinzas_g": 0.48433333333333334,
      "Calcio_mg": 7.057333333333333,
      "Magnesio_mg": 17.408666666666665,
      "Manganes_mg": 0.36066666666666664,
      "Fosforo_mg": 396.41,
      "Ferro_mg": 1.243,
      "Sodio_mg": 28.992333333333335,
      "Potassio_mg": 183.073,
      "Cobre_mg": 0.20233333333333334,
      "Zinco_mg": 0.412,
      "Retinol_mcg": 0,
      "Tiamina_mg": 0,