{
  "descricao": "Miscelâneas",
  "empresaId": 1,
  "alimentos": [
    {
      "Alimento": 511,
      "descricaoAlimento": "Café, pó, torrado",
      "UmidadePorCento": 2.93,
      "Energiakcal": 418.6186666666666,
      "Energiakj": 1751.5005013333332,
      "Proteina_g": 14.7,
      "Lipideos_g": 11.946666666666667,
      "Colesterol_mg": 0,
      "Carboidrato_g": 65.75333333333332,
      "FibraAlimentar_g": 51.22666666666667,
      "Cinzas_g": 4.67,
      "Calcio_mg": 106.89333333333333,
      "Magnesio_mg": 165.12,
      "Manganes_mg": 2.579333333333333,
      "Fosforo_mg": 169.48,
      "Ferro_mg": 8.133333333333333,
      "Sodio_mg": 1.1333333333333335,
      "Potassio_mg": 1608.58,
      "Cobre_mg": 1.3033333333333335,
      "Zinco_mg": 0.5233333333333333,
      "Retinol_mcg": 0,
      "Tiamina_mg": 0,
      "Riboflavina_mg": 0,
      "Piridoxina_mg": 0,
      "Niacina_mg": 11.886666666666665,
      "VitaminaC_mg": 0
    },
    {
      "Alimento": 512,
      "descricaoAlimento": "Capuccino, pó",
      "UmidadePorCento": 2.603333333333333,
      "Energiakcal": 417.4066666666667,
      "Energiakj": 1746.4294933333335,
      "Proteina_g": 11.3125,
      "Lipideos_g": 8.633333333333333,
      "Colesterol_mg": 28.901,
      "Carboidrato_g": 73.61416666666665,
      "FibraAlimentar_g": 2.4433333333333334,
      "Cinzas_g": 3.8366666666666664,
      "Calcio_mg": 466.5906666666667,
      "Magnesio_mg": 70.84966666666666,
      "Manganes_mg": 0.171,
      "Fosforo_mg": 357.6086666666667,
      "Ferro_mg": 2.2756666666666665,
      "Sodio_mg": 382.2866666666667,
      "Potassio_mg": 885.7956666666668,
      "Cobre_mg": 0,
      "Zinco_mg": 1.1446666666666667,
      "Retinol_mcg": 51.53,
      "Tiamina_mg": 0,
      "Riboflavina_mg": 1.41,
      "Piridoxina_mg": 0,
      "Niacina_mg": 0,
      "VitaminaC_mg": 0
    },
    {
      "Alimento": 513,
      "descricaoAlimento": "Fermento em pó, químico",
      "UmidadePorCento": 7.076666666666667,
      "Energiakcal": 89.72206665112176,
      "Energiakj": 375.39712686829347,
      "Proteina_g": 0.4753333187103272,
      "Lipideos_g": 0.07333333333333333,
      "Colesterol_mg": 0,
      "Carboidrato_g": 43.91133334795634,
      "FibraAlimentar_g": 0,
      "Cinzas_g": 48.46333333333333,
      "Calcio_mg": 0,
      "Magnesio_mg": 0,
      "Manganes_mg": 0,
      "Fosforo_mg": 0,
      "Ferro_mg": 0,
      "Sodio_mg": 10052.411333333333,
      "Potassio_mg": 0,
      "Cobre_mg": 0,
      "Zinco_mg": 0,
      "Retinol_mcg": 0,
      "Tiamina_mg": 0,
      "Riboflavina_mg": 0,
      "Piridoxina_mg": 0,
      "Niacina_mg": 0,
      "VitaminaC_mg": 0
    },
    {
      "Alimento": 514,
      "descricaoAlimento": "Fermento, biológico, levedura, tablete",
      "UmidadePorCento": 71.901,
      "Energiakcal": 89.79486703058885,
      "Energiakj": 375.70172365598376,
      "Proteina_g": 16.956999478340148,
      "Lipideos_g": 1.5176666666666667,
      "Colesterol_mg": 0,
      "Carboidrato_g": 7.698667188326523,
      "FibraAlimentar_g": 4.165666666666667,
      "Cinzas_g": 1.9256666666666666,
      "Calcio_mg": 18.008666666666667,
      "Magnesio_mg": 38.44866666666667,
      "Manganes_mg": 0.20299999999999999,
      "Fosforo_mg": 418.6566666666667,
      "Ferro_mg": 2.6180000000000003,
      "Sodio_mg": 39.61066666666667,
      "Potassio_mg": 576.2443333333333,
      "Cobre_mg": 0.288,
      "Zinco_mg": 10.999666666666668,
      "Retinol_mcg": 0,
      "Tiamina_mg": 0.3033333333333334,
      "Riboflavina_mg": 0.35666666666666663,
      "Piridoxina_mg": 0,
      "Niacina_mg": 0,
      "VitaminaC_mg": 0
    },
    {
      "Alimento": 515,
      "descricaoAlimento": "Gelatina, sabores variados, pó",
      "UmidadePorCento": 1.2433333333333334,
      "Energiakcal": 380.22290000000004,
      "Energiakj": 1590.8526136000003,
      "Proteina_g": 8.886666666666667,
      "Lipideos_g": 0,
      "Colesterol_mg": 0,
      "Carboidrato_g": 89.22333333333333,
      "FibraAlimentar_g": 0,
      "Cinzas_g": 0.6166666666666667,
      "Calcio_mg": 26.83666666666667,
      "Magnesio_mg": 2.3066666666666666,
      "Manganes_mg": 0.026333333333333334,
      "Fosforo_mg": 1.99,
      "Ferro_mg": 0.3333333333333333,
      "Sodio_mg": 234.92333333333332,
      "Potassio_mg": 7.25,
      "Cobre_mg": 0,
      "Zinco_mg": 0,
      "Retinol_mcg": 0,
      "Tiamina_mg": 0,
      "Riboflavina_mg": 0,
      "Piridoxina_mg": 0,
      "Niacina_mg": 0,
      "VitaminaC_mg": 39.99666666666666
    },
    {
      "Alimento": 516,
      "descricaoAlimento": "Sal, dietético",
      "UmidadePorCento": 0.5966666666666667,
      "Energiakcal": 0,
      "Energiakj": 0,
      "Proteina_g": 0,
      "Lipideos_g": 0,
      "Colesterol_mg": 0,
      "Carboidrato_g": 0,
      "FibraAlimentar_g": 0,
      "Cinzas_g": 99.40333333333335,
      "Sodio_mg": 23431.521666666667,
      "Potassio_mg": 20467.637,
      "Retinol_mcg": 0
    },
    {
      "Alimento": 517,
      "descricaoAlimento": "Sal, grosso",
      "UmidadePorCento": 0.41333333333333333,
      "Energiakcal": 0,
      "Energiakj": 0,
      "Proteina_g": 0,
      "Lipideos_g": 0,
      "Colesterol_mg": 0,
      "Carboidrato_g": 0,
      "FibraAlimentar_g": 0,
      "Sodio_mg": 39943.203,
      "Retinol_mcg": 0
    },
    {
      "Alimento": 518,
      "descricaoAlimento": "Shoyu",
      "UmidadePorCento": 70.62666666666667,
      "Energiakcal": 60.92774987538659,
      "Energiakj": 254.9217054786175,
      "Proteina_g": 3.3125,
      "Lipideos_g": 0.32666666666666666,
      "Colesterol_mg": 0,
      "Carboidrato_g": 11.6475,
      "FibraAlimentar_g": 0,
      "Cinzas_g": 14.086666666666668,
      "Calcio_mg": 14.527999999999999,
      "Magnesio_mg": 23.627,
      "Manganes_mg": 0.065,
      "Fosforo_mg": 47.043,
      "Ferro_mg": 0.49866666666666665,
      "Sodio_mg": 5024.208333333333,
      "Potassio_mg": 165.17733333333334,
      "Cobre_mg": 0,
      "Zinco_mg": 0.18600000000000003,
      "Retinol_mcg": 0,
      "Tiamina_mg": 0.8266666666666667,
      "Riboflavina_mg": 0.06,
      "Piridoxina_mg": 0.15333333333333335,
      "Niacina_mg": 2.1,
      "VitaminaC_mg": 0
    },
    {
      "Alimento": 519,
      "descricaoAlimento": "Tempero a base de sal",
      "UmidadePorCento": 7.65,
      "Energiakcal": 21.33,
      "Energiakj": 89.24472000000009,
      "Proteina_g": 2.666666666666667,
      "Lipideos_g": 0.26333333333333336,
      "Colesterol_mg": 0,
      "Carboidrato_g": 2.0733333333333377,
      "FibraAlimentar_g": 0.5566666666666668,
      "Cinzas_g": 87.34666666666665,
      "Sodio_mg": 32560,
      "Retinol_mcg": 0
    }
  ]
}
