{
  "descricao": "Outros alimentos industrializados",
  "empresaId": 1,
  "alimentos": [
    {
      "Alimento": 520,
      "descricaoAlimento": "Azeitona, preta, conserva",
      "UmidadePorCento": 68.464,
      "Energiakcal": 194.1538470209837,
      "Energiakj": 812.3396959357958,
      "Proteina_g": 1.1625,
      "Lipideos_g": 20.345,
      "Colesterol_mg": 0,
      "Carboidrato_g": 5.544500000000004,
      "FibraAlimentar_g": 4.555,
      "Cinzas_g": 4.483999999999999,
      "Calcio_mg": 58.75066666666666,
      "Magnesio_mg": 4.762,
      "Manganes_mg": 0.055,
      "Fosforo_mg": 16.002666666666666,
      "Ferro_mg": 5.45,
      "Sodio_mg": 1566.661,
      "Potassio_mg": 78.572,
      "Cobre_mg": 0.25233333333333335,
      "Zinco_mg": 0.29396666666666665,
      "Retinol_mcg": 0,
      "Tiamina_mg": 0,
      "Riboflavina_mg": 0,
      "Piridoxina_mg": 0.04,
      "Niacina_mg": 0,
      "VitaminaC_mg": 0
    },
    {
      "Alimento": 521,
      "descricaoAlimento": "Azeitona, verde, conserva",
      "UmidadePorCento": 76.259,
      "Energiakcal": 136.93643000000003,
      "Energiakj": 572.9420231200002,
      "Proteina_g": 0.9479166666666665,
      "Lipideos_g": 14.215666666666666,
      "Colesterol_mg": 0,
      "Carboidrato_g": 4.101750000000001,
      "FibraAlimentar_g": 3.845666666666667,
      "Cinzas_g": 4.475666666666667,
      "Calcio_mg": 45.63933333333333,
      "Magnesio_mg": 3.936666666666667,
      "Manganes_mg": 0.02566666666666667,
      "Fosforo_mg": 5.36,
      "Ferro_mg": 0.17633333333333331,
      "Sodio_mg": 1347.1776666666667,
      "Potassio_mg": 19.805333333333333,
      "Cobre_mg": 0.141,
      "Zinco_mg": 0.07733333333333332,
      "Retinol_mcg": 0,
      "Tiamina_mg": 0,
      "Riboflavina_mg": 0,
      "Piridoxina_mg": 0,
      "Niacina_mg": 0,
      "VitaminaC_mg": 0
    },
    {
      "Alimento": 522,
      "descricaoAlimento": "Chantilly, spray, com gordura vegetal",
      "UmidadePorCento": 55.1426666,
      "Energiakcal": 314.9560002666667,
      "Energiakj": 1317.7759051157336,
      "Proteina_g": 0.525,
      "Lipideos_g": 27.270666666666667,
      "Colesterol_mg": 0,
      "Carboidrato_g": 16.85500006666667,
      "FibraAlimentar_g": 0,
      "Cinzas_g": 0.20666666666666667,
      "Calcio_mg": 2.2743333333333333,
      "Magnesio_mg": 0.8463333333333334,
      "Manganes_mg": 0,
      "Fosforo_mg": 15.646333333333333,
      "Ferro_mg": 0,
      "Sodio_mg": 109.70366666666666,
      "Potassio_mg": 5.1113333333333335,
      "Cobre_mg": 0.014333333333333335,
      "Zinco_mg": 0.07400000000000001,
      "Retinol_mcg": 0,
      "RE_mcg": 0,
      "RAE _mcg": 0,
      "Tiamina_mg": 0.07,
      "Riboflavina_mg": 0,
      "Piridoxina_mg": 0,
      "Niacina_mg": 0
    },
    {
      "Alimento": 523,
      "descricaoAlimento": "Leite, de coco",
      "UmidadePorCento": 77.98366666666668,
      "Energiakcal": 166.16030161554647,
      "Energiakj": 695.2147019594464,
      "Proteina_g": 1.0140667031606039,
      "Lipideos_g": 18.364333333333335,
      "Colesterol_mg": 0,
      "Carboidrato_g": 2.1945999635060494,
      "FibraAlimentar_g": 0.6836666666666668,
      "Cinzas_g": 0.44333333333333336,
      "Calcio_mg": 5.8503333333333325,
      "Magnesio_mg": 16.825333333333333,
      "Manganes_mg": 0.2383333333333333,
      "Fosforo_mg": 25.519000000000002,
      "Ferro_mg": 0.45566666666666666,
      "Sodio_mg": 44.294666666666664,
      "Potassio_mg": 143.673,
      "Cobre_mg": 0.15533333333333332,
      "Zinco_mg": 0.3156666666666667,
      "Retinol_mcg": 0,
      "Tiamina_mg": 0,
      "Riboflavina_mg": 0,
      "Piridoxina_mg": 0,
      "Niacina_mg": 0,
      "VitaminaC_mg": 0
    },
    {
      "Alimento": 524,
      "descricaoAlimento": "Maionese, tradicional com ovos",
      "UmidadePorCento": 58.42366666666667,
      "Energiakcal": 302.1526776878237,
      "Energiakj": 1264.2068034458543,
      "Proteina_g": 0.58125,
      "Lipideos_g": 30.497666666666664,
      "Colesterol_mg": 42.467333333333336,
      "Carboidrato_g": 7.899749999999999,
      "FibraAlimentar_g": 0,
      "Cinzas_g": 2.597666666666667,
      "Calcio_mg": 3.4783333333333335,
      "Magnesio_mg": 0.8553333333333333,
      "Manganes_mg": 0,
      "Fosforo_mg": 14.453333333333333,
      "Ferro_mg": 0.09700000000000002,
      "Sodio_mg": 786.8273333333333,
      "Potassio_mg": 16.088,
      "Cobre_mg": 0,
      "Zinco_mg": 0.06,
      "Retinol_mcg": 8,
      "Tiamina_mg": 0,
      "Riboflavina_mg": 0.05333333333333334,
      "Piridoxina_mg": 0,
      "Niacina_mg": 0,
      "VitaminaC_mg": 0
    }
  ]
}
