{
  "descricao": "Nozes e sementes",
  "empresaId": 1,
  "alimentos": [
    {
      "Alimento": 587,
      "descricaoAlimento": "Amêndoa, torrada, salgada",
      "UmidadePorCento": 3.106,
      "Energiakcal": 580.7469545560705,
      "Energiakj": 2429.845257862599,
      "Proteina_g": 18.554759385108948,
      "Lipideos_g": 47.324333333333335,
      "Colesterol_mg": 0,
      "Carboidrato_g": 29.547240000000002,
      "FibraAlimentar_g": 11.64,
      "Cinzas_g": 1.4676666666666665,
      "Calcio_mg": 236.70433333333335,
      "Magnesio_mg": 222.09900000000002,
      "Manganes_mg": 1.9480000000000002,
      "Fosforo_mg": 493.0566666666667,
      "Ferro_mg": 3.0556666666666668,
      "Sodio_mg": 278.5226666666667,
      "Potassio_mg": 639.602,
      "Cobre_mg": 0.932,
      "Zinco_mg": 2.5766666666666667,
      "Retinol_mcg": 0,
      "Tiamina_mg": 0.29,
      "Riboflavina_mg": 0.16333333333333333,
      "Piridoxina_mg": 0,
      "Niacina_mg": 0,
      "VitaminaC_mg": 0
    },
    {
      "Alimento": 588,
      "descricaoAlimento": "Castanha-de-caju, torrada, salgada",
      "UmidadePorCento": 3.464,
      "Energiakcal": 570.167626501619,
      "Energiakj": 2385.5813492827738,
      "Proteina_g": 18.50936733277639,
      "Lipideos_g": 46.279666666666664,
      "Colesterol_mg": 0,
      "Carboidrato_g": 29.13496600055695,
      "FibraAlimentar_g": 3.6630000000000003,
      "Cinzas_g": 2.612,
      "Calcio_mg": 32.58766666666667,
      "Magnesio_mg": 236.61,
      "Manganes_mg": 1.5899999999999999,
      "Fosforo_mg": 594.2223333333333,
      "Ferro_mg": 5.221,
      "Sodio_mg": 125,
      "Potassio_mg": 671.4636666666667,
      "Cobre_mg": 1.9153333333333336,
      "Zinco_mg": 4.716666666666668,
      "Retinol_mcg": 0,
      "Tiamina_mg": 0.2866666666666667,
      "Riboflavina_mg": 0.04666666666666667,
      "Piridoxina_mg": 0.3933333333333333,
      "Niacina_mg": 0,
      "VitaminaC_mg": 0
    },
    {
      "Alimento": 589,
      "descricaoAlimento": "Castanha-do-Brasil, crua",
      "UmidadePorCento": 3.5239999999999996,
      "Energiakcal": 642.9630716810693,
      "Energiakj": 2690.157491913594,
      "Proteina_g": 14.536340101559956,
      "Lipideos_g": 63.459,
      "Colesterol_mg": 0,
      "Carboidrato_g": 15.078659898440039,
      "FibraAlimentar_g": 7.931,
      "Cinzas_g": 3.4019999999999997,
      "Calcio_mg": 146.33666666666667,
      "Magnesio_mg": 365.1233333333334,
      "Manganes_mg": 1.1036666666666666,
      "Fosforo_mg": 853.2833333333333,
      "Ferro_mg": 2.31,
      "Sodio_mg": 0.6539999999999999,
      "Potassio_mg": 650.994,
      "Cobre_mg": 1.7883333333333333,
      "Zinco_mg": 4.219333333333334,
      "Retinol_mcg": 0,
      "Tiamina_mg": 0.3033333333333333,
      "Riboflavina_mg": 0,
      "Piridoxina_mg": 0.44,
      "Niacina_mg": 0,
      "VitaminaC_mg": 0
    },
    {
      "Alimento": 590,
      "descricaoAlimento": "Coco, cru",
      "UmidadePorCento": 42.96116666666667,
      "Energiakcal": 406.4873531078099,
      "Energiakj": 1700.7430854030767,
      "Proteina_g": 3.69183412310697,
      "Lipideos_g": 41.976333333333336,
      "Colesterol_mg": 0,
      "Carboidrato_g": 10.401665876893027,
      "FibraAlimentar_g": 5.378166666666667,
      "Cinzas_g": 0.9689999999999999,
      "Calcio_mg": 6.484500000000001,
      "Magnesio_mg": 51.4595,
      "Manganes_mg": 0.9998333333333334,
      "Fosforo_mg": 117.54,
      "Ferro_mg": 1.7583333333333333,
      "Sodio_mg": 15.32,
      "Potassio_mg": 354.1491666666667,
      "Cobre_mg": 0.45266666666666666,
      "Zinco_mg": 0.9433333333333334,
      "Retinol_mcg": 0,
      "Tiamina_mg": 0,
      "Riboflavina_mg": 0,
      "Piridoxina_mg": 0.025,
      "Niacina_mg": 0,
      "VitaminaC_mg": 2.493333333333333
    },
    {
      "Alimento": 592,
      "descricaoAlimento": "Farinha, de mesocarpo de babaçu, crua",
      "UmidadePorCento": 15.823333333333332,
      "Energiakcal": 328.7714002448336,
      "Energiakj": 1375.579538624384,
      "Proteina_g": 1.4062667172749839,
      "Lipideos_g": 0.19800000000000004,
      "Colesterol_mg": 0,
      "Carboidrato_g": 79.17306661605835,
      "FibraAlimentar_g": 17.86,
      "Cinzas_g": 3.3993333333333333,
      "Calcio_mg": 60.952333333333335,
      "Magnesio_mg": 39.345666666666666,
      "Manganes_mg": 0.38233333333333336,
      "Fosforo_mg": 25.560999999999996,
      "Ferro_mg": 18.33366666666667,
      "Sodio_mg": 12.463000000000001,
      "Potassio_mg": 362.07466666666664,
      "Cobre_mg": 0.223,
      "Zinco_mg": 0.3406666666666667,
      "Retinol_mcg": 0,
      "Tiamina_mg": 0,
      "Riboflavina_mg": 0,
      "Piridoxina_mg": 0,
      "Niacina_mg": 2.5766666666666667,
      "VitaminaC_mg": 0
    },
    {
      "Alimento": 593,
      "descricaoAlimento": "Gergelim, semente",
      "UmidadePorCento": 3.8593333333333333,
      "Energiakcal": 583.5467147545495,
      "Energiakj": 2441.559454533035,
      "Proteina_g": 21.164667428334557,
      "Lipideos_g": 50.43266666666667,
      "Colesterol_mg": 0,
      "Carboidrato_g": 21.617665904998766,
      "FibraAlimentar_g": 11.868333333333334,
      "Cinzas_g": 2.925666666666667,
      "Calcio_mg": 825.4463333333333,
      "Magnesio_mg": 360.6886666666667,
      "Manganes_mg": 2.6726666666666667,
      "Fosforo_mg": 740.709,
      "Ferro_mg": 5.447666666666667,
      "Sodio_mg": 2.5749999999999997,
      "Potassio_mg": 546.2860000000001,
      "Cobre_mg": 1.5096666666666667,
      "Zinco_mg": 5.235,
      "Retinol_mcg": 0,
      "Tiamina_mg": 0.9366666666666666,
      "Riboflavina_mg": 0,
      "Piridoxina_mg": 0.13,
      "Niacina_mg": 5.923333333333333,
      "VitaminaC_mg": 0
    },
    {
      "Alimento": 594,
      "descricaoAlimento": "Linhaça, semente",
      "UmidadePorCento": 6.683,
      "Energiakcal": 495.09611384365076,
      "Energiakj": 2071.5349145049904,
      "Proteina_g": 14.083867173512777,
      "Lipideos_g": 32.25293333333334,
      "Colesterol_mg": 0,
      "Carboidrato_g": 43.31219949315389,
      "FibraAlimentar_g": 33.50266666666667,
      "Cinzas_g": 3.6680000000000006,
      "Calcio_mg": 211.49766666666665,
      "Magnesio_mg": 346.92233333333337,
      "Manganes_mg": 2.8143333333333334,
      "Fosforo_mg": 615.182,
      "Ferro_mg": 4.697,
      "Sodio_mg": 8.673333333333334,
      "Potassio_mg": 869.2869999999999,
      "Cobre_mg": 1.0873333333333333,
      "Zinco_mg": 4.388333333333334,
      "Retinol_mcg": 0,
      "Tiamina_mg": 0.11666666666666665,
      "Riboflavina_mg": 0,
      "Piridoxina_mg": 0.13333333333333333,
      "Niacina_mg": 0,
      "VitaminaC_mg": 0
    },
    {
      "Alimento": 595,
      "descricaoAlimento": "Pinhão, cozido",
      "UmidadePorCento": 50.51333333333333,
      "Energiakcal": 174.36990200000002,
      "Energiakj": 729.5636699680001,
      "Proteina_g": 2.980366666666666,
      "Lipideos_g": 0.747,
      "Colesterol_mg": 0,
      "Carboidrato_g": 43.917633333333335,
      "FibraAlimentar_g": 15.6033333333333,
      "Cinzas_g": 1.8416666666666666,
      "Calcio_mg": 15.767333333333333,
      "Magnesio_mg": 52.974333333333334,
      "Manganes_mg": 0.4093333333333333,
      "Fosforo_mg": 165.841,
      "Ferro_mg": 0.7553333333333333,
      "Sodio_mg": 0.8626666666666667,
      "Potassio_mg": 727.0063333333333,
      "Cobre_mg": 0.18333333333333335,
      "Zinco_mg": 0.827,
      "Retinol_mcg": 0,
      "Tiamina_mg": 0,
      "Riboflavina_mg": 0,
      "Piridoxina_mg": 0,
      "Niacina_mg": 0,
      "VitaminaC_mg": 27.69
    },
    {
      "Alimento": 596,
      "descricaoAlimento": "Pupunha, cozida",
      "UmidadePorCento": 54.46,
      "Energiakcal": 218.53388087660073,
      "Energiakj": 914.3457575876974,
      "Proteina_g": 2.5229166666666667,
      "Lipideos_g": 12.761666666666668,