{
  "descricao": "Bebidas (alcoólicas e não alcoólicas)",
  "empresaId": 1,
  "alimentos": [
    {
      "Alimento": 470,
      "descricaoAlimento": "Bebida isotônica, sabores variados",
      "UmidadePorCento": 93.50666666666666,
      "Energiakcal": 25.613333333333344,
      "Energiakj": 107.16618666666672,
      "Proteina_g": 0,
      "Lipideos_g": 0,
      "Colesterol_mg": 0,
      "Carboidrato_g": 6.4033333333333395,
      "FibraAlimentar_g": 0,
      "Cinzas_g": 0.09,
      "Calcio_mg": 1.2333333333333334,
      "Magnesio_mg": 0,
      "Manganes_mg": 0,
      "Fosforo_mg": 8.973333333333334,
      "Ferro_mg": 0.67,
      "Sodio_mg": 44.083333333333336,
      "Potassio_mg": 13.026666666666666,
      "Cobre_mg": 0,
      "Zinco_mg": 0,
      "Retinol_mcg": 0
    },
    {
      "Alimento": 471,
      "descricaoAlimento": "Café, infusão 10%",
      "UmidadePorCento": 97.372,
      "Energiakcal": 9.070868599613517,
      "Energiakj": 37.95251422078296,
      "Proteina_g": 0.7125,
      "Lipideos_g": 0.06933333333333334,
      "Colesterol_mg": 0,
      "Carboidrato_g": 1.478666666666667,
      "FibraAlimentar_g": 0,
      "Cinzas_g": 0.3675,
      "Calcio_mg": 3.159333333333333,
      "Magnesio_mg": 9.661666666666667,
      "Manganes_mg": 0.03766666666666666,
      "Fosforo_mg": 9.495333333333333,
      "Ferro_mg": 0,
      "Sodio_mg": 1.0273333333333334,
      "Potassio_mg": 155.70400000000004,
      "Cobre_mg": 0.006000000000000001,
      "Zinco_mg": 0,
      "Retinol_mcg": 0
    },
    {
      "Alimento": 472,
      "descricaoAlimento": "Cana, aguardente 1",
      "Energiakcal": 215.6616,
      "Energiakj": 902.3281344,
      "Colesterol_mg": 0,
      "FibraAlimentar_g": 0,
      "Calcio_mg": 0,
      "Magnesio_mg": 0,
      "Manganes_mg": 0,
      "Fosforo_mg": 0,
      "Ferro_mg": 0,
      "Sodio_mg": 3.145666666666667,
      "Potassio_mg": 0,
      "Cobre_mg": 0.063,
      "Zinco_mg": 0,
      "Retinol_mcg": 0,
      "Tiamina_mg": 0,
      "Riboflavina_mg": 0,
      "Piridoxina_mg": 0,
      "Niacina_mg": 0
    },
    {
      "Alimento": 473,
      "descricaoAlimento": "Cana, caldo de",
      "UmidadePorCento": 81.72766666666666,
      "Energiakcal": 65.34359826898573,
      "Energiakj": 273.3976151574363,
      "Proteina_g": 0,
      "Lipideos_g": 0,
      "Colesterol_mg": 0,
      "Carboidrato_g": 18.151000000000003,
      "FibraAlimentar_g": 0.13633333333333333,
      "Cinzas_g": 0.12133333333333333,
      "Calcio_mg": 9.083,
      "Magnesio_mg": 11.973999999999998,
      "Manganes_mg": 0.206,
      "Fosforo_mg": 4.778666666666666,
      "Ferro_mg": 0.7526666666666667,
      "Sodio_mg": 0,
      "Potassio_mg": 17.973,
      "Cobre_mg": 0.007,
      "Zinco_mg": 0.050666666666666665,
      "Retinol_mcg": 0,
      "Tiamina_mg": 0,
      "Riboflavina_mg": 0,
      "Piridoxina_mg": 0.03,
      "Niacina_mg": 0,
      "VitaminaC_mg": 2.779666
    },
    {
      "Alimento": 474,
      "descricaoAlimento": "Cerveja, pilsen 2",
      "UmidadePorCento": 92.38,
      "Energiakcal": 40.72018855062866,
      "Energiakj": 170.37326889583034,
      "Proteina_g": 0.5625,
      "Lipideos_g": 0,
      "Colesterol_mg": 0,
      "Carboidrato_g": 3.3175,
      "FibraAlimentar_g": 0,
      "Cinzas_g": 0.12,
      "Calcio_mg": 4.985,
      "Magnesio_mg": 6.743666666666666,
      "Manganes_mg": 0.005333333333333333,
      "Fosforo_mg": 19.002666666666666,
      "Ferro_mg": 0,
      "Sodio_mg": 4.230333333333333,
      "Potassio_mg": 29.46666666666667,
      "Cobre_mg": 0,
      "Zinco_mg": 0,
      "Retinol_mcg": 0,
      "Tiamina_mg": 0,
      "Riboflavina_mg": 0,
      "Piridoxina_mg": 0.14333333333333334,
      "Niacina_mg": 2.9166666666666665,
      "VitaminaC_mg": 0
    },
    {
      "Alimento": 475,
      "descricaoAlimento": "Chá, erva-doce, infusão 5%",
      "UmidadePorCento": 99.60866666666668,
      "Energiakcal": 1.3970599738756386,
      "Energiakj": 5.845298930695672,
      "Proteina_g": 0,
      "Lipideos_g": 0,
      "Colesterol_mg": 0,
      "Carboidrato_g": 0.3913333333333213,
      "FibraAlimentar_g": 0,
      "Cinzas_g": 0,
      "Calcio_mg": 1.931,
      "Magnesio_mg": 0.8809999999999999,
      "Manganes_mg": 0.006333333333333334,
      "Fosforo_mg": 0.651,
      "Ferro_mg": 0,
      "Sodio_mg": 0.6253333333333334,
      "Potassio_mg": 9.929,
      "Cobre_mg": 0.006000000000000001,
      "Zinco_mg": 0,
      "Retinol_mcg": 0,
      "Tiamina_mg": 1.2333333333333334,
      "Riboflavina_mg": 0.22666666666666668,
      "Piridoxina_mg": 0,
      "Niacina_mg": 0,
      "VitaminaC_mg": 0
    },
    {
      "Alimento": 476,
      "descricaoAlimento": "Chá, mate, infusão 5%",
      "UmidadePorCento": 99.305,
      "Energiakcal": 2.730749951124143,
      "Energiakj": 11.425457795503414,
      "Proteina_g": 0,
      "Lipideos_g": 0.052,
      "Colesterol_mg": 0,
      "Carboidrato_g": 0.6429999999999931,
      "FibraAlimentar_g": 0,
      "Cinzas_g": 0,
      "Calcio_mg": 0.6446666666666666,
      "Magnesio_mg": 2.037,
      "Manganes_mg": 0.274,
      "Fosforo_mg": 0,
      "Ferro_mg": 0,
      "Sodio_mg": 0,
      "Potassio_mg": 5.336333333333333,
      "Cobre_mg": 0,
      "Zinco_mg": 0,
      "Retinol_mcg": 0,
      "Tiamina_mg": 0.8933333333333334,
      "Riboflavina_mg": 0,
      "Piridoxina_mg": 0,
      "Niacina_mg": 0,
      "VitaminaC_mg": 0
    },
    {
      "Alimento": 477,
      "descricaoAlimento": "Chá, preto, infusão 5%",
      "UmidadePorCento": 99.37033333333333,
      "Energiakcal": 2.24790995796521,
      "Energiakj": 9.40525526412644,
      "Proteina_g": 0,
      "Lipideos_g": 0,
      "Colesterol_mg": 0,
      "Carboidrato_g": 0.6296666666666653,
      "FibraAlimentar_g": 0,
      "Cinzas_g": 0,
      "Calcio_mg": 0.25233333333333335,
      "Magnesio_mg": 0.956,
      "Manganes_mg": 0.08866666666666667,
      "Fosforo_mg": 1.5113333333333332,
      "Ferro_mg": 0,
      "Sodio_mg": 0,
      "Potassio_mg": 13.437666666666665,
      "Cobre_mg": 0,
      "Zinco_mg": 0,
      "Retinol_mcg": 0,
      "Tiamina_mg": 3.1133333333333333,
      "Riboflavina_mg": 0.48333333333333334,
      "Piridoxina_mg": 0,
      "Niacina_mg": 0,
      "VitaminaC_mg": 0
    },
    {
      "Alimento": 478,
      "descricaoAlimento": "Coco, água de",
      "UmidadePorCento": 94.252,
      "Energiakcal": 21.50859424050649,
      "Energiakj": 89.99195830227916,
      "Proteina_g": 0,
      "Lipideos_g": 0,
      "Colesterol_mg": 0,
      "Carboidrato_g": 5.284666666666672,
      "FibraAlimentar_g": 0.13033333333333333,
      "Cinzas_g": 0.4633333333333334,
      "Calcio_mg": 18.837333333333333,
      "Magnesio_mg": 5.158333333333334,
      "Manganes_mg": 0.253,
      "Fosforo_mg": 3.755333333333333,
      "Ferro_mg": 0,
      "Sodio_mg": 1.782333333333333,
      "Potassio_mg": 161.65099999999998,
      "Cobre_mg": 0,
      "Zinco_mg": 0,
      "Retinol_mcg": 0,
      "Tiamina_mg": 0.005,
      "Riboflavina_mg": 0,
      "Piridoxina_mg": 0,
      "Niacina_mg": 0,
      "VitaminaC_mg": 2.408666666666667
    },
    {
      "Alimento": 479,
      "descricaoAlimento": "Refrigerante, tipo água tônica",
      "UmidadePorCento": 92.00666666666666,
      "Energiakcal": 30.7794,
      "Energiakj": 128.7810096,
      "Proteina_g": 0,
      "Lipideos_g": 0,
      "Colesterol_mg": 0,
      "Carboidrato_g": 7.953333333333339,
      "FibraAlimentar_g": 0,
      "Cinzas_g": 0.04,
      "Calcio_mg": 1.0753333333333335,
      "Magnesio_mg": 0,
      "Manganes_mg": 0,
      "Fosforo_mg": 0.15166666666666664,
      "Ferro_mg": 0,
      "Sodio_mg": 8.290333333333333,
      "Potassio_mg": 1.5056666666666667,
      "Cobre_mg": 0,
      "Zinco_mg": 0,
      "Retinol_mcg": 0
    },
    {
      "Alimento": 480,