{
  "descricao": "Ovos e derivados",
  "empresaId": 1,
  "alimentos": [
    {
      "Alimento": 484,
      "descricaoAlimento": "Omelete, de queijo",
      "UmidadePorCento": 60.49166666666667,
      "Energiakcal": 268.00677218242487,
      "Energiakj": 1121.3403348112656,
      "Proteina_g": 15.570833333333333,
      "Lipideos_g": 22.007666666666665,
      "Colesterol_mg": 383.8253333333333,
      "Carboidrato_g": 0.43716666666666804,
      "FibraAlimentar_g": 0,
      "Cinzas_g": 1.4926666666666666,
      "Calcio_mg": 165.72733333333335,
      "Magnesio_mg": 14.267666666666669,
      "Manganes_mg": 0.025666666666666667,
      "Fosforo_mg": 313.61133333333333,
      "Ferro_mg": 1.3696666666666666,
      "Sodio_mg": 216.05100000000002,
      "Potassio_mg": 126.931,
      "Cobre_mg": 0.03166666666666667,
      "Zinco_mg": 1.3606666666666667,
      "Retinol_mcg": 58.75333333333333,
      "Tiamina_mg": 0.03,
      "Riboflavina_mg": 0.24333333333333332,
      "Piridoxina_mg": 0,
      "Niacina_mg": 0,
      "VitaminaC_mg": 0
    },
    {
      "Alimento": 485,
      "descricaoAlimento": "Ovo, de codorna, inteiro, cru",
      "UmidadePorCento": 71.67,
      "Energiakcal": 176.89389999999997,
      "Energiakj": 740.1240776,
      "Proteina_g": 13.6875,
      "Lipideos_g": 12.68,
      "Colesterol_mg": 568,
      "Carboidrato_g": 0.7724999999999986,
      "FibraAlimentar_g": 0,
      "Cinzas_g": 1.19,
      "Calcio_mg": 78.72933333333333,
      "Magnesio_mg": 11.063,
      "Manganes_mg": 0,
      "Fosforo_mg": 279.4436666666667,
      "Ferro_mg": 3.3486666666666665,
      "Sodio_mg": 128.987,
      "Potassio_mg": 78.72933333333333,
      "Cobre_mg": 0.035333333333333335,
      "Zinco_mg": 2.054333333333333,
      "Retinol_mcg": 305.17333333333335,
      "Tiamina_mg": 0.11,
      "Riboflavina_mg": 0.12333333333333334,
      "Piridoxina_mg": 0,
      "Niacina_mg": 0.9666666666666667,
      "VitaminaC_mg": 0
    },
    {
      "Alimento": 486,
      "descricaoAlimento": "Ovo, de galinha, clara, cozida/10minutos",
      "UmidadePorCento": 85.22766666666666,
      "Energiakcal": 59.43569666666667,
      "Energiakj": 248.67895485333338,
      "Proteina_g": 13.447916666666668,
      "Lipideos_g": 0.08900000000000001,
      "Colesterol_mg": 0,
      "Carboidrato_g": 0,
      "FibraAlimentar_g": 0,
      "Cinzas_g": 0.6683333333333334,
      "Calcio_mg": 6.231999999999999,
      "Magnesio_mg": 11.007,
      "Manganes_mg": 0,
      "Fosforo_mg": 15.427666666666667,
      "Ferro_mg": 0.07866666666666666,
      "Sodio_mg": 180.5376666666667,
      "Potassio_mg": 145.87033333333332,
      "Cobre_mg": 0.028666666666666663,
      "Zinco_mg": 0,
      "Retinol_mcg": 0,
      "Tiamina_mg": 0,
      "Riboflavina_mg": 0.08,
      "Piridoxina_mg": 0,
      "Niacina_mg": 0,
      "VitaminaC_mg": 0
    },
    {
      "Alimento": 487,
      "descricaoAlimento": "Ovo, de galinha, gema, cozida/10minutos",
      "UmidadePorCento": 50.02266666666666,
      "Energiakcal": 352.67334000000005,
      "Energiakj": 1475.5852545600003,
      "Proteina_g": 15.9,
      "Lipideos_g": 30.777,
      "Colesterol_mg": 1272.372,
      "Carboidrato_g": 1.5600000000000065,
      "FibraAlimentar_g": 0,
      "Cinzas_g": 1.7403333333333333,
      "Calcio_mg": 114.431,
      "Magnesio_mg": 9.367333333333333,
      "Manganes_mg": 0.05933333333333333,
      "Fosforo_mg": 385.747,
      "Ferro_mg": 2.9233333333333333,
      "Sodio_mg": 44.90866666666667,
      "Potassio_mg": 87.37733333333334,
      "Cobre_mg": 0,
      "Zinco_mg": 2.8736666666666664,
      "Retinol_mcg": 148.48,
      "Tiamina_mg": 0.18,
      "Riboflavina_mg": 0.21666666666666667,
      "Piridoxina_mg": 0,
      "Niacina_mg": 0,
      "VitaminaC_mg": 0
    },
    {
      "Alimento": 488,
      "descricaoAlimento": "Ovo, de galinha, inteiro, cozido/10minutos",
      "UmidadePorCento": 75.76566666666666,
      "Energiakcal": 145.70017,
      "Energiakj": 609.6095112800001,
      "Proteina_g": 13.29375,
      "Lipideos_g": 9.476333333333333,
      "Colesterol_mg": 396.5716666666667,
      "Carboidrato_g": 0.6149166666666736,
      "FibraAlimentar_g": 0,
      "Cinzas_g": 0.8493333333333334,
      "Calcio_mg": 49.218333333333334,
      "Magnesio_mg": 11.244333333333335,
      "Manganes_mg": 0.02366666666666667,
      "Fosforo_mg": 184.1903333333333,
      "Ferro_mg": 1.5153333333333332,
      "Sodio_mg": 145.90099999999998,
      "Potassio_mg": 138.897,
      "Cobre_mg": 0.03966666666666666,
      "Zinco_mg": 1.236,
      "Retinol_mcg": 32.44,
      "Tiamina_mg": 0.07666666666666667,
      "Riboflavina_mg": 0.3,
      "Piridoxina_mg": 0,
      "Niacina_mg": 0,
      "VitaminaC_mg": 0
    },
    {
      "Alimento": 489,
      "descricaoAlimento": "Ovo, de galinha, inteiro, cru",
      "UmidadePorCento": 75.6,
      "Energiakcal": 143.11173333333335,
      "Energiakj": 598.7794922666666,
      "Proteina_g": 13.03,
      "Lipideos_g": 8.9,
      "Colesterol_mg": 355.94,
      "Carboidrato_g": 1.6366666666666725,
      "FibraAlimentar_g": 0,
      "Cinzas_g": 0.8333333333333334,
      "Calcio_mg": 42.02333333333333,
      "Magnesio_mg": 12.66,
      "Manganes_mg": 0,
      "Fosforo_mg": 164.35,
      "Ferro_mg": 1.5633333333333335,
      "Sodio_mg": 167.91,
      "Potassio_mg": 150,
      "Cobre_mg": 0.06,
      "Zinco_mg": 1.0833333333333333,
      "Retinol_mcg": 78.82666666666665,
      "Tiamina_mg": 0.07,
      "Riboflavina_mg": 0.58,
      "Piridoxina_mg": 0,
      "Niacina_mg": 0.75,
      "VitaminaC_mg": 0
    },
    {
      "Alimento": 490,
      "descricaoAlimento": "Ovo, de galinha, inteiro, frito",
      "UmidadePorCento": 63.49733333333334,
      "Energiakcal": 240.1872240091165,
      "Energiakj": 1004.9433452541435,
      "Proteina_g": 15.616666666666667,
      "Lipideos_g": 18.592666666666666,
      "Colesterol_mg": 516.2636666666667,
      "Carboidrato_g": 1.1936666666666627,
      "FibraAlimentar_g": 0,
      "Cinzas_g": 1.0996666666666668,
      "Calcio_mg": 72.88733333333333,
      "Magnesio_mg": 16.250333333333334,
      "Manganes_mg": 0.034333333333333334,
      "Fosforo_mg": 422.41066666666666,
      "Ferro_mg": 2.0966666666666667,
      "Sodio_mg": 166.11233333333334,
      "Potassio_mg": 184.00700000000003,
      "Cobre_mg": 0.038666666666666676,
      "Zinco_mg": 1.4613333333333334,
      "Retinol_mcg": 93.89333333333332,
      "Tiamina_mg": 0.06333333333333334,
      "Riboflavina_mg": 0.31666666666666665,
      "Piridoxina_mg": 0,
      "Niacina_mg": 0,
      "VitaminaC_mg": 0
    }
  ]
}
